1,,123456704,SNAP,Approved...,300.0,AMEX,1234567890123
2,,123456704,SNAP,Approved...,300.0,AMEX,1234567890123
3,,123456704,SNAP,Approved...,300.0,AMEX,1234567890123
4,,123456704,SNAP,Approved...,300.0,AMEX,1234567890123
5,,123456704,SNAP,Approved...,300.0,AMEX,1234567890123
6,,123456704,SNAP,Approved...,300.0,AMEX,1234567890123
7,,123456704,SNAP,Approved...,300.0,AMEX,1234567890123
8,,123456704,SNAP,Approved...,300.0,AMEX,1234567890123
9,,123456704,SNAP,Approved...,300.0,AMEX,1234567890123
10,,123456704,SNAP,Approved...,300.0,AMEX,1234567890123
11,,123456704,SNAP,Approved...,300.0,AMEX,1234567890123
12,,123456704,SNAP,Approved...,300.0,AMEX,1234567890123
13,,123456704,SNAP,Approved...,300.0,AMEX,1234567890123
14,,123456704,SNAP,Approved...,300.0,AMEX,1234567890123
15,,123456704,SNAP,Approved...,300.0,AMEX,1234567890123
16,,123456704,SNAP,Approved...,300.0,AMEX,1234567890123
17,,123456704,SNAP,Approved...,300.0,AMEX,1234567890123
18,,123456704,SNAP,Approved...,300.0,AMEX,1234567890123
19,,123456704,SNAP,Approved...,300.0,AMEX,1234567890123
20,,123456704,SNAP,Approved...,300.0,AMEX,1234567890123
21,,123456704,SNAP,Approved...,300.0,AMEX,1234567890123
22,,123456704,SNAP,Approved...,300.0,AMEX,1234567890123
23,,123456704,SNAP,Approved...,300.0,AMEX,1234567890123
24,,123456704,SNAP,Approved...,300.0,AMEX,1234567890123
25,,123456704,SNAP,Approved...,300.0,AMEX,1234567890123
26,,123456704,SNAP,Approved...,300.0,AMEX,1234567890123
27,,123456704,SNAP,Approved...,300.0,AMEX,1234567890123
28,,123456704,SNAP,Approved...,300.0,AMEX,1234567890123
29,,123456704,SNAP,Approved...,300.0,AMEX,1234567890123
30,,123456704,SNAP,Approved...,300.0,AMEX,1234567890123
31,,123456704,SNAP,Approved...,300.0,AMEX,1234567890123
32,,123456704,SNAP,Approved...,300.0,AMEX,1234567890123
33,,123456704,SNAP,Approved...,300.0,AMEX,1234567890123
34,,123456704,SNAP,Approved...,300.0,AMEX,1234567890123
35,,123456704,SNAP,Approved...,300.0,AMEX,1234567890123
36,,123456704,SNAP,Approved...,300.0,AMEX,1234567890123
37,,123456704,SNAP,Approved...,300.0,AMEX,1234567890123
38,,123456704,SNAP,Approved...,300.0,AMEX,1234567890123
39,,123456704,SNAP,Approved...,300.0,AMEX,1234567890123
40,,123456704,SNAP,Approved...,300.0,AMEX,1234567890123
41,,123456704,SNAP,Approved...,300.0,AMEX,1234567890123
42,,123456704,SNAP,Approved...,300.0,AMEX,1234567890123
43,,123456704,SNAP,Approved...,300.0,AMEX,1234567890123
44,,123456704,SNAP,Approved...,300.0,AMEX,1234567890123
45,,123456704,SNAP,Approved...,300.0,AMEX,1234567890123
46,,123456704,SNAP,Approved...,300.0,AMEX,1234567890123
47,,123456704,SNAP,Approved...,300.0,AMEX,1234567890123
48,,123456704,SNAP,Approved...,300.0,AMEX,1234567890123
49,,123456704,SNAP,Approved...,300.0,AMEX,1234567890123
50,,123456704,SNAP,Approved...,300.0,AMEX,1234567890123
51,,123456704,SNAP,Approved...,300.0,AMEX,1234567890123
52,,123456704,SNAP,Approved...,300.0,AMEX,1234567890123
53,,123456704,SNAP,Approved...,300.0,AMEX,1234567890123
54,,123456704,SNAP,Approved...,300.0,AMEX,1234567890123
55,,123456704,SNAP,Approved...,300.0,AMEX,1234567890123
56,,123456704,SNAP,Approved...,300.0,AMEX,1234567890123
57,,123456704,SNAP,Approved...,300.0,AMEX,1234567890123
58,,123456704,SNAP,Approved...,300.0,AMEX,1234567890123
59,,123456704,SNAP,Approved...,300.0,AMEX,1234567890123
60,,123456704,SNAP,Approved...,300.0,AMEX,1234567890123
61,,123456704,SNAP,Approved...,300.0,AMEX,1234567890123
62,,123456704,SNAP,Approved...,300.0,AMEX,1234567890123
63,,123456704,SNAP,Approved...,300.0,AMEX,1234567890123
64,,123456704,SNAP,Approved...,300.0,AMEX,1234567890123
65,,123456704,SNAP,Approved...,300.0,AMEX,1234567890123
66,,123456704,SNAP,Approved...,300.0,AMEX,1234567890123
67,,123456704,SNAP,Approved...,300.0,AMEX,1234567890123
68,,123456704,SNAP,Approved...,300.0,AMEX,1234567890123
69,,123456704,SNAP,Approved...,300.0,AMEX,1234567890123
70,,123456704,SNAP,Approved...,300.0,AMEX,1234567890123
71,,123456704,SNAP,Approved...,300.0,AMEX,1234567890123
72,,123456704,SNAP,Approved...,300.0,AMEX,1234567890123
73,,123456704,SNAP,Approved...,300.0,AMEX,1234567890123
74,,123456704,SNAP,Approved...,300.0,AMEX,1234567890123
75,,123456704,SNAP,Approved...,300.0,AMEX,1234567890123
76,,123456704,SNAP,Approved...,300.0,AMEX,1234567890123
77,,123456704,SNAP,Approved...,300.0,AMEX,1234567890123
78,,123456704,SNAP,Approved...,300.0,AMEX,1234567890123
79,,123456704,SNAP,Approved...,300.0,AMEX,1234567890123
80,,123456704,SNAP,Approved...,300.0,AMEX,1234567890123
81,,123456704,SNAP,Approved...,300.0,AMEX,1234567890123
82,,123456704,SNAP,Approved...,300.0,AMEX,1234567890123
83,,123456704,SNAP,Approved...,300.0,AMEX,1234567890123
84,,123456704,SNAP,Approved...,300.0,AMEX,1234567890123
85,,123456704,SNAP,Approved...,300.0,AMEX,1234567890123
86,,123456704,SNAP,Approved...,300.0,AMEX,1234567890123
87,,123456704,SNAP,Approved...,300.0,AMEX,1234567890123
88,,123456704,SNAP,Approved...,300.0,AMEX,1234567890123
89,,123456704,SNAP,Approved...,300.0,AMEX,1234567890123
90,,123456704,SNAP,Approved...,300.0,AMEX,1234567890123
91,,123456704,SNAP,Approved...,300.0,AMEX,1234567890123
92,,123456704,SNAP,Approved...,300.0,AMEX,1234567890123
93,,123456704,SNAP,Approved...,300.0,AMEX,1234567890123
94,,123456704,SNAP,Approved...,300.0,AMEX,1234567890123
95,,123456704,SNAP,Approved...,300.0,AMEX,1234567890123
96,,123456704,SNAP,Approved...,300.0,AMEX,1234567890123
97,,123456704,SNAP,Approved...,300.0,AMEX,1234567890123
98,,123456704,SNAP,Approved...,300.0,AMEX,1234567890123
99,,123456704,SNAP,Approved...,300.0,AMEX,1234567890123
100,,123456704,SNAP,Approved...,300.0,AMEX,1234567890123
101,,123456704,SNAP,Approved...,300.0,AMEX,1234567890123
102,,123456704,SNAP,Approved...,300.0,AMEX,1234567890123
103,,123456704,SNAP,Approved...,300.0,AMEX,1234567890123
104,,123456704,SNAP,Approved...,300.0,AMEX,1234567890123
105,,123456704,SNAP,Approved...,300.0,AMEX,1234567890123
106,,123456704,SNAP,Approved...,300.0,AMEX,1234567890123
107,,123456704,SNAP,Approved...,300.0,AMEX,1234567890123
108,,123456704,SNAP,Approved...,300.0,AMEX,1234567890123
109,,123456704,SNAP,Approved...,300.0,AMEX,1234567890123
110,,123456704,SNAP,Approved...,300.0,AMEX,1234567890123
111,,123456704,SNAP,Approved...,300.0,AMEX,1234567890123
112,,123456704,SNAP,Approved...,300.0,AMEX,1234567890123
113,,123456704,SNAP,Approved...,300.0,AMEX,1234567890123
114,,123456704,SNAP,Approved...,300.0,AMEX,1234567890123
115,,123456704,SNAP,Approved...,300.0,AMEX,1234567890123
116,,123456704,SNAP,Approved...,300.0,AMEX,1234567890123
117,,123456704,SNAP,Approved...,300.0,AMEX,1234567890123
118,,123456704,SNAP,Approved...,300.0,AMEX,1234567890123
119,,123456704,SNAP,Approved...,300.0,AMEX,1234567890123
120,,123456704,SNAP,Approved...,300.0,AMEX,1234567890123
121,,123456704,SNAP,Approved...,300.0,AMEX,1234567890123
122,,123456704,SNAP,Approved...,300.0,AMEX,1234567890123
123,,123456704,SNAP,Approved...,300.0,AMEX,1234567890123
124,,123456704,SNAP,Approved...,300.0,AMEX,1234567890123
125,,123456704,SNAP,Approved...,300.0,AMEX,1234567890123
126,,123456704,SNAP,Approved...,300.0,AMEX,1234567890123
127,,123456704,SNAP,Approved...,300.0,AMEX,1234567890123
128,,123456704,SNAP,Approved...,300.0,AMEX,1234567890123
129,,123456704,SNAP,Approved...,300.0,AMEX,1234567890123
130,,123456704,SNAP,Approved...,300.0,AMEX,1234567890123
131,,123456704,SNAP,Approved...,300.0,AMEX,1234567890123
132,,123456704,SNAP,Approved...,300.0,AMEX,1234567890123
133,,123456704,SNAP,Approved...,300.0,AMEX,1234567890123
134,,123456704,SNAP,Approved...,300.0,AMEX,1234567890123
135,,123456704,SNAP,Approved...,300.0,AMEX,1234567890123
136,,123456704,SNAP,Approved...,300.0,AMEX,1234567890123
137,,123456704,SNAP,Approved...,300.0,AMEX,1234567890123
138,,123456704,SNAP,Approved...,300.0,AMEX,1234567890123
139,,123456704,SNAP,Approved...,300.0,AMEX,1234567890123
140,,123456704,SNAP,Approved...,300.0,AMEX,1234567890123
141,,123456704,SNAP,Approved...,300.0,AMEX,1234567890123
142,,123456704,SNAP,Approved...,300.0,AMEX,1234567890123
143,,123456704,SNAP,Approved...,300.0,AMEX,1234567890123
144,,123456704,SNAP,Approved...,300.0,AMEX,1234567890123
145,,123456704,SNAP,Approved...,300.0,AMEX,1234567890123
146,,123456704,SNAP,Approved...,300.0,AMEX,1234567890123
147,,123456704,SNAP,Approved...,300.0,AMEX,1234567890123
148,,123456704,SNAP,Approved...,300.0,AMEX,1234567890123
149,,123456704,SNAP,Approved...,300.0,AMEX,1234567890123
150,,123456704,SNAP,Approved...,300.0,AMEX,1234567890123
151,,123456704,SNAP,Approved...,300.0,AMEX,1234567890123
152,,123456704,SNAP,Approved...,300.0,AMEX,1234567890123
153,,123456704,SNAP,Approved...,300.0,AMEX,1234567890123
154,,123456704,SNAP,Approved...,300.0,AMEX,1234567890123
155,,123456704,SNAP,Approved...,300.0,AMEX,1234567890123
156,,123456704,SNAP,Approved...,300.0,AMEX,1234567890123
157,,123456704,SNAP,Approved...,300.0,AMEX,1234567890123
158,,123456704,SNAP,Approved...,300.0,AMEX,1234567890123
159,,123456704,SNAP,Approved...,300.0,AMEX,1234567890123
160,,123456704,SNAP,Approved...,300.0,AMEX,1234567890123
161,,123456704,SNAP,Approved...,300.0,AMEX,1234567890123
162,,123456704,SNAP,Approved...,300.0,AMEX,1234567890123
163,,123456704,SNAP,Approved...,300.0,AMEX,1234567890123
164,,123456704,SNAP,Approved...,300.0,AMEX,1234567890123
165,,123456704,SNAP,Approved...,300.0,AMEX,1234567890123
166,,123456704,SNAP,Approved...,300.0,AMEX,1234567890123
167,,123456704,SNAP,Approved...,300.0,AMEX,1234567890123
168,,123456704,SNAP,Approved...,300.0,AMEX,1234567890123
169,,123456704,SNAP,Approved...,300.0,AMEX,1234567890123
170,,123456704,SNAP,Approved...,300.0,AMEX,1234567890123
171,,123456704,SNAP,Approved...,300.0,AMEX,1234567890123
172,,123456704,SNAP,Approved...,300.0,AMEX,1234567890123
173,,123456704,SNAP,Approved...,300.0,AMEX,1234567890123
174,,123456704,SNAP,Approved...,300.0,AMEX,1234567890123
175,,123456704,SNAP,Approved...,300.0,AMEX,1234567890123
176,,123456704,SNAP,Approved...,300.0,AMEX,1234567890123
177,,123456704,SNAP,Approved...,300.0,AMEX,1234567890123
178,,123456704,SNAP,Approved...,300.0,AMEX,1234567890123
179,,123456704,SNAP,Approved...,300.0,AMEX,1234567890123
180,,123456704,SNAP,Approved...,300.0,AMEX,1234567890123
181,,123456704,SNAP,Approved...,300.0,AMEX,1234567890123
182,,123456704,SNAP,Approved...,300.0,AMEX,1234567890123
183,,123456704,SNAP,Approved...,300.0,AMEX,1234567890123
184,,123456704,SNAP,Approved...,300.0,AMEX,1234567890123
185,,123456704,SNAP,Approved...,300.0,AMEX,1234567890123
186,,123456704,SNAP,Approved...,300.0,AMEX,1234567890123
187,,123456704,SNAP,Approved...,300.0,AMEX,1234567890123
188,,123456704,SNAP,Approved...,300.0,AMEX,1234567890123
189,,123456704,SNAP,Approved...,300.0,AMEX,1234567890123
190,,123456704,SNAP,Approved...,300.0,AMEX,1234567890123
191,,123456704,SNAP,Approved...,300.0,AMEX,1234567890123
192,,123456704,SNAP,Approved...,300.0,AMEX,1234567890123
193,,123456704,SNAP,Approved...,300.0,AMEX,1234567890123
194,,123456704,SNAP,Approved...,300.0,AMEX,1234567890123
195,,123456704,SNAP,Approved...,300.0,AMEX,1234567890123
196,,123456704,SNAP,Approved...,300.0,AMEX,1234567890123
197,,123456704,SNAP,Approved...,300.0,AMEX,1234567890123
198,,123456704,SNAP,Approved...,300.0,AMEX,1234567890123
199,,123456704,SNAP,Approved...,300.0,AMEX,1234567890123
200,,123456704,SNAP,Approved...,300.0,AMEX,1234567890123
201,,123456704,SNAP,Approved...,300.0,AMEX,1234567890123
202,,123456704,SNAP,Approved...,300.0,AMEX,1234567890123
203,,123456704,SNAP,Approved...,300.0,AMEX,1234567890123
204,,123456704,SNAP,Approved...,300.0,AMEX,1234567890123
205,,123456704,SNAP,Approved...,300.0,AMEX,1234567890123
206,,123456704,SNAP,Approved...,300.0,AMEX,1234567890123
207,,123456704,SNAP,Approved...,300.0,AMEX,1234567890123
208,,123456704,SNAP,Approved...,300.0,AMEX,1234567890123
209,,123456704,SNAP,Approved...,300.0,AMEX,1234567890123
210,,123456704,SNAP,Approved...,300.0,AMEX,1234567890123
211,,123456704,SNAP,Approved...,300.0,AMEX,1234567890123
212,,123456704,SNAP,Approved...,300.0,AMEX,1234567890123
213,,123456704,SNAP,Approved...,300.0,AMEX,1234567890123
214,,123456704,SNAP,Approved...,300.0,AMEX,1234567890123
215,,123456704,SNAP,Approved...,300.0,AMEX,1234567890123
216,,123456704,SNAP,Approved...,300.0,AMEX,1234567890123
217,,123456704,SNAP,Approved...,300.0,AMEX,1234567890123
218,,123456704,SNAP,Approved...,300.0,AMEX,1234567890123
219,,123456704,SNAP,Approved...,300.0,AMEX,1234567890123
220,,123456704,SNAP,Approved...,300.0,AMEX,1234567890123
221,,123456704,SNAP,Approved...,300.0,AMEX,1234567890123
222,,123456704,SNAP,Approved...,300.0,AMEX,1234567890123
223,,123456704,SNAP,Approved...,300.0,AMEX,1234567890123
224,,123456704,SNAP,Approved...,300.0,AMEX,1234567890123
225,,123456704,SNAP,Approved...,300.0,AMEX,1234567890123
226,,123456704,SNAP,Approved...,300.0,AMEX,1234567890123
227,,123456704,SNAP,Approved...,300.0,AMEX,1234567890123
228,,123456704,SNAP,Approved...,300.0,AMEX,1234567890123
229,,123456704,SNAP,Approved...,300.0,AMEX,1234567890123
230,,123456704,SNAP,Approved...,300.0,AMEX,1234567890123
231,,123456704,SNAP,Approved...,300.0,AMEX,1234567890123
232,,123456704,SNAP,Approved...,300.0,AMEX,1234567890123
233,,123456704,SNAP,Approved...,300.0,AMEX,1234567890123
234,,123456704,SNAP,Approved...,300.0,AMEX,1234567890123
235,,123456704,SNAP,Approved...,300.0,AMEX,1234567890123
236,,123456704,SNAP,Approved...,300.0,AMEX,1234567890123
237,,123456704,SNAP,Approved...,300.0,AMEX,1234567890123
238,,123456704,SNAP,Approved...,300.0,AMEX,1234567890123
239,,123456704,SNAP,Approved...,300.0,AMEX,1234567890123
240,,123456704,SNAP,Approved...,300.0,AMEX,1234567890123
241,,123456704,SNAP,Approved...,300.0,AMEX,1234567890123
242,,123456704,SNAP,Approved...,300.0,AMEX,1234567890123
243,,123456704,SNAP,Approved...,300.0,AMEX,1234567890123
244,,123456704,SNAP,Approved...,300.0,AMEX,1234567890123
245,,123456704,SNAP,Approved...,300.0,AMEX,1234567890123
246,,123456704,SNAP,Approved...,300.0,AMEX,1234567890123
247,,123456704,SNAP,Approved...,300.0,AMEX,1234567890123
248,,123456704,SNAP,Approved...,300.0,AMEX,1234567890123
249,,123456704,SNAP,Approved...,300.0,AMEX,1234567890123
250,,123456704,SNAP,Approved...,300.0,AMEX,1234567890123
251,,123456704,SNAP,Approved...,300.0,AMEX,1234567890123
252,,123456704,SNAP,Approved...,300.0,AMEX,1234567890123
253,,123456704,SNAP,Approved...,300.0,AMEX,1234567890123
254,,123456704,SNAP,Approved...,300.0,AMEX,1234567890123
255,,123456704,SNAP,Approved...,300.0,AMEX,1234567890123
256,,123456704,SNAP,Approved...,300.0,AMEX,1234567890123
257,,123456704,SNAP,Approved...,300.0,AMEX,1234567890123
258,,123456704,SNAP,Approved...,300.0,AMEX,1234567890123
259,,123456704,SNAP,Approved...,300.0,AMEX,1234567890123
260,,123456704,SNAP,Approved...,300.0,AMEX,1234567890123
261,,123456704,SNAP,Approved...,300.0,AMEX,1234567890123
262,,123456704,SNAP,Approved...,300.0,AMEX,1234567890123
263,,123456704,SNAP,Approved...,300.0,AMEX,1234567890123
264,,123456704,SNAP,Approved...,300.0,AMEX,1234567890123
265,,123456704,SNAP,Approved...,300.0,AMEX,1234567890123
266,,123456704,SNAP,Approved...,300.0,AMEX,1234567890123
267,,123456704,SNAP,Approved...,300.0,AMEX,1234567890123
268,,123456704,SNAP,Approved...,300.0,AMEX,1234567890123
269,,123456704,SNAP,Approved...,300.0,AMEX,1234567890123
270,,123456704,SNAP,Approved...,300.0,AMEX,1234567890123
271,,123456704,SNAP,Approved...,300.0,AMEX,1234567890123
272,,123456704,SNAP,Approved...,300.0,AMEX,1234567890123
273,,123456704,SNAP,Approved...,300.0,AMEX,1234567890123
274,,123456704,SNAP,Approved...,300.0,AMEX,1234567890123
275,,123456704,SNAP,Approved...,300.0,AMEX,1234567890123
276,,123456704,SNAP,Approved...,300.0,AMEX,1234567890123
277,,123456704,SNAP,Approved...,300.0,AMEX,1234567890123
278,,123456704,SNAP,Approved...,300.0,AMEX,1234567890123
279,,123456704,SNAP,Approved...,300.0,AMEX,1234567890123
280,,123456704,SNAP,Approved...,300.0,AMEX,1234567890123
281,,123456704,SNAP,Approved...,300.0,AMEX,1234567890123
282,,123456704,SNAP,Approved...,300.0,AMEX,1234567890123
283,,123456704,SNAP,Approved...,300.0,AMEX,1234567890123
284,,123456704,SNAP,Approved...,300.0,AMEX,1234567890123
285,,123456704,SNAP,Approved...,300.0,AMEX,1234567890123
286,,123456704,SNAP,Approved...,300.0,AMEX,1234567890123
287,,123456704,SNAP,Approved...,300.0,AMEX,1234567890123
288,,123456704,SNAP,Approved...,300.0,AMEX,1234567890123
289,,123456704,SNAP,Approved...,300.0,AMEX,1234567890123
290,,123456704,SNAP,Approved...,300.0,AMEX,1234567890123
291,,123456704,SNAP,Approved...,300.0,AMEX,1234567890123
292,,123456704,SNAP,Approved...,300.0,AMEX,1234567890123
293,,123456704,SNAP,Approved...,300.0,AMEX,1234567890123
294,,123456704,SNAP,Approved...,300.0,AMEX,1234567890123
295,,123456704,SNAP,Approved...,300.0,AMEX,1234567890123
296,,123456704,SNAP,Approved...,300.0,AMEX,1234567890123
297,,123456704,SNAP,Approved...,300.0,AMEX,1234567890123
298,,123456704,SNAP,Approved...,300.0,AMEX,1234567890123
299,,123456704,SNAP,Approved...,300.0,AMEX,1234567890123
300,,123456704,SNAP,Approved...,300.0,AMEX,1234567890123
301,,123456704,SNAP,Approved...,300.0,AMEX,1234567890123
302,,123456704,SNAP,Approved...,300.0,AMEX,1234567890123
303,,123456704,SNAP,Approved...,300.0,AMEX,1234567890123
304,,123456704,SNAP,Approved...,300.0,AMEX,1234567890123
305,,123456704,SNAP,Approved...,300.0,AMEX,1234567890123
306,,123456704,SNAP,Approved...,300.0,AMEX,1234567890123
307,,123456704,SNAP,Approved...,300.0,AMEX,1234567890123
308,,123456704,SNAP,Approved...,300.0,AMEX,1234567890123
309,,123456704,SNAP,Approved...,300.0,AMEX,1234567890123
310,,123456704,SNAP,Approved...,300.0,AMEX,1234567890123
311,,123456704,SNAP,Approved...,300.0,AMEX,1234567890123
312,,123456704,SNAP,Approved...,300.0,AMEX,1234567890123
313,,123456704,SNAP,Approved...,300.0,AMEX,1234567890123
314,,123456704,SNAP,Approved...,300.0,AMEX,1234567890123
315,,123456704,SNAP,Approved...,300.0,AMEX,1234567890123
316,,123456704,SNAP,Approved...,300.0,AMEX,1234567890123
317,,123456704,SNAP,Approved...,300.0,AMEX,1234567890123
318,,123456704,SNAP,Approved...,300.0,AMEX,1234567890123
319,,123456704,SNAP,Approved...,300.0,AMEX,1234567890123
320,,123456704,SNAP,Approved...,300.0,AMEX,1234567890123
321,,123456704,SNAP,Approved...,300.0,AMEX,1234567890123
322,,123456704,SNAP,Approved...,300.0,AMEX,1234567890123
323,,123456704,SNAP,Approved...,300.0,AMEX,1234567890123
324,,123456704,SNAP,Approved...,300.0,AMEX,1234567890123
325,,123456704,SNAP,Approved...,300.0,AMEX,1234567890123
326,,123456704,SNAP,Approved...,300.0,AMEX,1234567890123
327,,123456704,SNAP,Approved...,300.0,AMEX,1234567890123
328,,123456704,SNAP,Approved...,300.0,AMEX,1234567890123
329,,123456704,SNAP,Approved...,300.0,AMEX,1234567890123
330,,123456704,SNAP,Approved...,300.0,AMEX,1234567890123
331,,123456704,SNAP,Approved...,300.0,AMEX,1234567890123
332,,123456704,SNAP,Approved...,300.0,AMEX,1234567890123
333,,123456704,SNAP,Approved...,300.0,AMEX,1234567890123
334,,123456704,SNAP,Approved...,300.0,AMEX,1234567890123
335,,123456704,SNAP,Approved...,300.0,AMEX,1234567890123
336,,123456704,SNAP,Approved...,300.0,AMEX,1234567890123
337,,123456704,SNAP,Approved...,300.0,AMEX,1234567890123
338,,123456704,SNAP,Approved...,300.0,AMEX,1234567890123
339,,123456704,SNAP,Approved...,300.0,AMEX,1234567890123
340,,123456704,SNAP,Approved...,300.0,AMEX,1234567890123
341,,123456704,SNAP,Approved...,300.0,AMEX,1234567890123
342,,123456704,SNAP,Approved...,300.0,AMEX,1234567890123
343,,123456704,SNAP,Approved...,300.0,AMEX,1234567890123
344,,123456704,SNAP,Approved...,300.0,AMEX,1234567890123
345,,123456704,SNAP,Approved...,300.0,AMEX,1234567890123
346,,123456704,SNAP,Approved...,300.0,AMEX,1234567890123
347,,123456704,SNAP,Approved...,300.0,AMEX,1234567890123
348,,123456704,SNAP,Approved...,300.0,AMEX,1234567890123
349,,123456704,SNAP,Approved...,300.0,AMEX,1234567890123
350,,123456704,SNAP,Approved...,300.0,AMEX,1234567890123
351,,123456704,SNAP,Approved...,300.0,AMEX,1234567890123
352,,123456704,SNAP,Approved...,300.0,AMEX,1234567890123
353,,123456704,SNAP,Approved...,300.0,AMEX,1234567890123
354,,123456704,SNAP,Approved...,300.0,AMEX,1234567890123
355,,123456704,SNAP,Approved...,300.0,AMEX,1234567890123
356,,123456704,SNAP,Approved...,300.0,AMEX,1234567890123
357,,123456704,SNAP,Approved...,300.0,AMEX,1234567890123
358,,123456704,SNAP,Approved...,300.0,AMEX,1234567890123
359,,123456704,SNAP,Approved...,300.0,AMEX,1234567890123
360,,123456704,SNAP,Approved...,300.0,AMEX,1234567890123
361,,123456704,SNAP,Approved...,300.0,AMEX,1234567890123
362,,123456704,SNAP,Approved...,300.0,AMEX,1234567890123
363,,123456704,SNAP,Approved...,300.0,AMEX,1234567890123
364,,123456704,SNAP,Approved...,300.0,AMEX,1234567890123
365,,123456704,SNAP,Approved...,300.0,AMEX,1234567890123
366,,123456704,SNAP,Approved...,300.0,AMEX,1234567890123
367,,123456704,SNAP,Approved...,300.0,AMEX,1234567890123
368,,123456704,SNAP,Approved...,300.0,AMEX,1234567890123
369,,123456704,SNAP,Approved...,300.0,AMEX,1234567890123
370,,123456704,SNAP,Approved...,300.0,AMEX,1234567890123
371,,123456704,SNAP,Approved...,300.0,AMEX,1234567890123
372,,123456704,SNAP,Approved...,300.0,AMEX,1234567890123
373,,123456704,SNAP,Approved...,300.0,AMEX,1234567890123
374,,123456704,SNAP,Approved...,300.0,AMEX,1234567890123
375,,123456704,SNAP,Approved...,300.0,AMEX,1234567890123
376,,123456704,SNAP,Approved...,300.0,AMEX,1234567890123
377,,123456704,SNAP,Approved...,300.0,AMEX,1234567890123
378,,123456704,SNAP,Approved...,300.0,AMEX,1234567890123
379,,123456704,SNAP,Approved...,300.0,AMEX,1234567890123
380,,123456704,SNAP,Approved...,300.0,AMEX,1234567890123
381,,123456704,SNAP,Approved...,300.0,AMEX,1234567890123
382,,123456704,SNAP,Approved...,300.0,AMEX,1234567890123
383,,123456704,SNAP,Approved...,300.0,AMEX,1234567890123
384,,123456704,SNAP,Approved...,300.0,AMEX,1234567890123
385,,123456704,SNAP,Approved...,300.0,AMEX,1234567890123
386,,123456704,SNAP,Approved...,300.0,AMEX,1234567890123
387,,123456704,SNAP,Approved...,300.0,AMEX,1234567890123
388,,123456704,SNAP,Approved...,300.0,AMEX,1234567890123
389,,123456704,SNAP,Approved...,300.0,AMEX,1234567890123
390,,123456704,SNAP,Approved...,300.0,AMEX,1234567890123
391,,123456704,SNAP,Approved...,300.0,AMEX,1234567890123
392,,123456704,SNAP,Approved...,300.0,AMEX,1234567890123
393,,123456704,SNAP,Approved...,300.0,AMEX,1234567890123
394,,123456704,SNAP,Approved...,300.0,AMEX,1234567890123
395,,123456704,SNAP,Approved...,300.0,AMEX,1234567890123
396,,123456704,SNAP,Approved...,300.0,AMEX,1234567890123
397,,123456704,SNAP,Approved...,300.0,AMEX,1234567890123
398,,123456704,SNAP,Approved...,300.0,AMEX,1234567890123
399,,123456704,SNAP,Approved...,300.0,AMEX,1234567890123
400,,123456704,SNAP,Approved...,300.0,AMEX,1234567890123
401,,123456704,SNAP,Approved...,300.0,AMEX,1234567890123
402,,123456704,SNAP,Approved...,300.0,AMEX,1234567890123
403,,123456704,SNAP,Approved...,300.0,AMEX,1234567890123
404,,123456704,SNAP,Approved...,300.0,AMEX,1234567890123
405,,123456704,SNAP,Approved...,300.0,AMEX,1234567890123
406,,123456704,SNAP,Approved...,300.0,AMEX,1234567890123
407,,123456704,SNAP,Approved...,300.0,AMEX,1234567890123
408,,123456704,SNAP,Approved...,300.0,AMEX,1234567890123
409,,123456704,SNAP,Approved...,300.0,AMEX,1234567890123
410,,123456704,SNAP,Approved...,300.0,AMEX,1234567890123
411,,123456704,SNAP,Approved...,300.0,AMEX,1234567890123
412,,123456704,SNAP,Approved...,300.0,AMEX,1234567890123
413,,123456704,SNAP,Approved...,300.0,AMEX,1234567890123
414,,123456704,SNAP,Approved...,300.0,AMEX,1234567890123
415,,123456704,SNAP,Approved...,300.0,AMEX,1234567890123
416,,123456704,SNAP,Approved...,300.0,AMEX,1234567890123
417,,123456704,SNAP,Approved...,300.0,AMEX,1234567890123
418,,123456704,SNAP,Approved...,300.0,AMEX,1234567890123
419,,123456704,SNAP,Approved...,300.0,AMEX,1234567890123
420,,123456704,SNAP,Approved...,300.0,AMEX,1234567890123
421,,123456704,SNAP,Approved...,300.0,AMEX,1234567890123
422,,123456704,SNAP,Approved...,300.0,AMEX,1234567890123
423,,123456704,SNAP,Approved...,300.0,AMEX,1234567890123
424,,123456704,SNAP,Approved...,300.0,AMEX,1234567890123
425,,123456704,SNAP,Approved...,300.0,AMEX,1234567890123
426,,123456704,SNAP,Approved...,300.0,AMEX,1234567890123
427,,123456704,SNAP,Approved...,300.0,AMEX,1234567890123
428,,123456704,SNAP,Approved...,300.0,AMEX,1234567890123
429,,123456704,SNAP,Approved...,300.0,AMEX,1234567890123
430,,123456704,SNAP,Approved...,300.0,AMEX,1234567890123
431,,123456704,SNAP,Approved...,300.0,AMEX,1234567890123
432,,123456704,SNAP,Approved...,300.0,AMEX,1234567890123
433,,123456704,SNAP,Approved...,300.0,AMEX,1234567890123
434,,123456704,SNAP,Approved...,300.0,AMEX,1234567890123
435,,123456704,SNAP,Approved...,300.0,AMEX,1234567890123
436,,123456704,SNAP,Approved...,300.0,AMEX,1234567890123
437,,123456704,SNAP,Approved...,300.0,AMEX,1234567890123
438,,123456704,SNAP,Approved...,300.0,AMEX,1234567890123
439,,123456704,SNAP,Approved...,300.0,AMEX,1234567890123
440,,123456704,SNAP,Approved...,300.0,AMEX,1234567890123
441,,123456704,SNAP,Approved...,300.0,AMEX,1234567890123
442,,123456704,SNAP,Approved...,300.0,AMEX,1234567890123
443,,123456704,SNAP,Approved...,300.0,AMEX,1234567890123
444,,123456704,SNAP,Approved...,300.0,AMEX,1234567890123
445,,123456704,SNAP,Approved...,300.0,AMEX,1234567890123
446,,123456704,SNAP,Approved...,300.0,AMEX,1234567890123
447,,123456704,SNAP,Approved...,300.0,AMEX,1234567890123
448,,123456704,SNAP,Approved...,300.0,AMEX,1234567890123
449,,123456704,SNAP,Approved...,300.0,AMEX,1234567890123
450,,123456704,SNAP,Approved...,300.0,AMEX,1234567890123
451,,123456704,SNAP,Approved...,300.0,AMEX,1234567890123
452,,123456704,SNAP,Approved...,300.0,AMEX,1234567890123
453,,123456704,SNAP,Approved...,300.0,AMEX,1234567890123
454,,123456704,SNAP,Approved...,300.0,AMEX,1234567890123
455,,123456704,SNAP,Approved...,300.0,AMEX,1234567890123
456,,123456704,SNAP,Approved...,300.0,AMEX,1234567890123
457,,123456704,SNAP,Approved...,300.0,AMEX,1234567890123
458,,123456704,SNAP,Approved...,300.0,AMEX,1234567890123
459,,123456704,SNAP,Approved...,300.0,AMEX,1234567890123
460,,123456704,SNAP,Approved...,300.0,AMEX,1234567890123
461,,123456704,SNAP,Approved...,300.0,AMEX,1234567890123
462,,123456704,SNAP,Approved...,300.0,AMEX,1234567890123
463,,123456704,SNAP,Approved...,300.0,AMEX,1234567890123
464,,123456704,SNAP,Approved...,300.0,AMEX,1234567890123
465,,123456704,SNAP,Approved...,300.0,AMEX,1234567890123
466,,123456704,SNAP,Approved...,300.0,AMEX,1234567890123
467,,123456704,SNAP,Approved...,300.0,AMEX,1234567890123
468,,123456704,SNAP,Approved...,300.0,AMEX,1234567890123
469,,123456704,SNAP,Approved...,300.0,AMEX,1234567890123
470,,123456704,SNAP,Approved...,300.0,AMEX,1234567890123
471,,123456704,SNAP,Approved...,300.0,AMEX,1234567890123
472,,123456704,SNAP,Approved...,300.0,AMEX,1234567890123
473,,123456704,SNAP,Approved...,300.0,AMEX,1234567890123
474,,123456704,SNAP,Approved...,300.0,AMEX,1234567890123
475,,123456704,SNAP,Approved...,300.0,AMEX,1234567890123
476,,123456704,SNAP,Approved...,300.0,AMEX,1234567890123
477,,123456704,SNAP,Approved...,300.0,AMEX,1234567890123
478,,123456704,SNAP,Approved...,300.0,AMEX,1234567890123
479,,123456704,SNAP,Approved...,300.0,AMEX,1234567890123
480,,123456704,SNAP,Approved...,300.0,AMEX,1234567890123
481,,123456704,SNAP,Approved...,300.0,AMEX,1234567890123
482,,123456704,SNAP,Approved...,300.0,AMEX,1234567890123
483,,123456704,SNAP,Approved...,300.0,AMEX,1234567890123
484,,123456704,SNAP,Approved...,300.0,AMEX,1234567890123
485,,123456704,SNAP,Approved...,300.0,AMEX,1234567890123
486,,123456704,SNAP,Approved...,300.0,AMEX,1234567890123
487,,123456704,SNAP,Approved...,300.0,AMEX,1234567890123
488,,123456704,SNAP,Approved...,300.0,AMEX,1234567890123
489,,123456704,SNAP,Approved...,300.0,AMEX,1234567890123
490,,123456704,SNAP,Approved...,300.0,AMEX,1234567890123
491,,123456704,SNAP,Approved...,300.0,AMEX,1234567890123
492,,123456704,SNAP,Approved...,300.0,AMEX,1234567890123
493,,123456704,SNAP,Approved...,300.0,AMEX,1234567890123
494,,123456704,SNAP,Approved...,300.0,AMEX,1234567890123
495,,123456704,SNAP,Approved...,300.0,AMEX,1234567890123
496,,123456704,SNAP,Approved...,300.0,AMEX,1234567890123
497,,123456704,SNAP,Approved...,300.0,AMEX,1234567890123
498,,123456704,SNAP,Approved...,300.0,AMEX,1234567890123
499,,123456704,SNAP,Approved...,300.0,AMEX,1234567890123
500,,123456704,SNAP,Approved...,300.0,AMEX,1234567890123
501,,123456704,SNAP,Approved...,300.0,AMEX,1234567890123
502,,123456704,SNAP,Approved...,300.0,AMEX,1234567890123
503,,123456704,SNAP,Approved...,300.0,AMEX,1234567890123
504,,123456704,SNAP,Approved...,300.0,AMEX,1234567890123
505,,123456704,SNAP,Approved...,300.0,AMEX,1234567890123
506,,123456704,SNAP,Approved...,300.0,AMEX,1234567890123
507,,123456704,SNAP,Approved...,300.0,AMEX,1234567890123
508,,123456704,SNAP,Approved...,300.0,AMEX,1234567890123
509,,123456704,SNAP,Approved...,300.0,AMEX,1234567890123
510,,123456704,SNAP,Approved...,300.0,AMEX,1234567890123
511,,123456704,SNAP,Approved...,300.0,AMEX,1234567890123
512,,123456704,SNAP,Approved...,300.0,AMEX,1234567890123
513,,123456704,SNAP,Approved...,300.0,AMEX,1234567890123
514,,123456704,SNAP,Approved...,300.0,AMEX,1234567890123
515,,123456704,SNAP,Approved...,300.0,AMEX,1234567890123
516,,123456704,SNAP,Approved...,300.0,AMEX,1234567890123
517,,123456704,SNAP,Approved...,300.0,AMEX,1234567890123
518,,123456704,SNAP,Approved...,300.0,AMEX,1234567890123
519,,123456704,SNAP,Approved...,300.0,AMEX,1234567890123
520,,123456704,SNAP,Approved...,300.0,AMEX,1234567890123
521,,123456704,SNAP,Approved...,300.0,AMEX,1234567890123
522,,123456704,SNAP,Approved...,300.0,AMEX,1234567890123
523,,123456704,SNAP,Approved...,300.0,AMEX,1234567890123
524,,123456704,SNAP,Approved...,300.0,AMEX,1234567890123
525,,123456704,SNAP,Approved...,300.0,AMEX,1234567890123
526,,123456704,SNAP,Approved...,300.0,AMEX,1234567890123
527,,123456704,SNAP,Approved...,300.0,AMEX,1234567890123
528,,123456704,SNAP,Approved...,300.0,AMEX,1234567890123
529,,123456704,SNAP,Approved...,300.0,AMEX,1234567890123
530,,123456704,SNAP,Approved...,300.0,AMEX,1234567890123
531,,123456704,SNAP,Approved...,300.0,AMEX,1234567890123
532,,123456704,SNAP,Approved...,300.0,AMEX,1234567890123
533,,123456704,SNAP,Approved...,300.0,AMEX,1234567890123
534,,123456704,SNAP,Approved...,300.0,AMEX,1234567890123
535,,123456704,SNAP,Approved...,300.0,AMEX,1234567890123
536,,123456704,SNAP,Approved...,300.0,AMEX,1234567890123
537,,123456704,SNAP,Approved...,300.0,AMEX,1234567890123
538,,123456704,SNAP,Approved...,300.0,AMEX,1234567890123
539,,123456704,SNAP,Approved...,300.0,AMEX,1234567890123
540,,123456704,SNAP,Approved...,300.0,AMEX,1234567890123
541,,123456704,SNAP,Approved...,300.0,AMEX,1234567890123
542,,123456704,SNAP,Approved...,300.0,AMEX,1234567890123
543,,123456704,SNAP,Approved...,300.0,AMEX,1234567890123
544,,123456704,SNAP,Approved...,300.0,AMEX,1234567890123
545,,123456704,SNAP,Approved...,300.0,AMEX,1234567890123
546,,123456704,SNAP,Approved...,300.0,AMEX,1234567890123
547,,123456704,SNAP,Approved...,300.0,AMEX,1234567890123
548,,123456704,SNAP,Approved...,300.0,AMEX,1234567890123
549,,123456704,SNAP,Approved...,300.0,AMEX,1234567890123
550,,123456704,SNAP,Approved...,300.0,AMEX,1234567890123
551,,123456704,SNAP,Approved...,300.0,AMEX,1234567890123
552,,123456704,SNAP,Approved...,300.0,AMEX,1234567890123
553,,123456704,SNAP,Approved...,300.0,AMEX,1234567890123
554,,123456704,SNAP,Approved...,300.0,AMEX,1234567890123
555,,123456704,SNAP,Approved...,300.0,AMEX,1234567890123
556,,123456704,SNAP,Approved...,300.0,AMEX,1234567890123
557,,123456704,SNAP,Approved...,300.0,AMEX,1234567890123
558,,123456704,SNAP,Approved...,300.0,AMEX,1234567890123
559,,123456704,SNAP,Approved...,300.0,AMEX,1234567890123
560,,123456704,SNAP,Approved...,300.0,AMEX,1234567890123
561,,123456704,SNAP,Approved...,300.0,AMEX,1234567890123
562,,123456704,SNAP,Approved...,300.0,AMEX,1234567890123
563,,123456704,SNAP,Approved...,300.0,AMEX,1234567890123
564,,123456704,SNAP,Approved...,300.0,AMEX,1234567890123
565,,123456704,SNAP,Approved...,300.0,AMEX,1234567890123
566,,123456704,SNAP,Approved...,300.0,AMEX,1234567890123
567,,123456704,SNAP,Approved...,300.0,AMEX,1234567890123
568,,123456704,SNAP,Approved...,300.0,AMEX,1234567890123
569,,123456704,SNAP,Approved...,300.0,AMEX,1234567890123
570,,123456704,SNAP,Approved...,300.0,AMEX,1234567890123
571,,123456704,SNAP,Approved...,300.0,AMEX,1234567890123
572,,123456704,SNAP,Approved...,300.0,AMEX,1234567890123
573,,123456704,SNAP,Approved...,300.0,AMEX,1234567890123
574,,123456704,SNAP,Approved...,300.0,AMEX,1234567890123
575,,123456704,SNAP,Approved...,300.0,AMEX,1234567890123
576,,123456704,SNAP,Approved...,300.0,AMEX,1234567890123
577,,123456704,SNAP,Approved...,300.0,AMEX,1234567890123
578,,123456704,SNAP,Approved...,300.0,AMEX,1234567890123
579,,123456704,SNAP,Approved...,300.0,AMEX,1234567890123
580,,123456704,SNAP,Approved...,300.0,AMEX,1234567890123
581,,123456704,SNAP,Approved...,300.0,AMEX,1234567890123
582,,123456704,SNAP,Approved...,300.0,AMEX,1234567890123
583,,123456704,SNAP,Approved...,300.0,AMEX,1234567890123
584,,123456704,SNAP,Approved...,300.0,AMEX,1234567890123
585,,123456704,SNAP,Approved...,300.0,AMEX,1234567890123
586,,123456704,SNAP,Approved...,300.0,AMEX,1234567890123
587,,123456704,SNAP,Approved...,300.0,AMEX,1234567890123
588,,123456704,SNAP,Approved...,300.0,AMEX,1234567890123
589,,123456704,SNAP,Approved...,300.0,AMEX,1234567890123
590,,123456704,SNAP,Approved...,300.0,AMEX,1234567890123
591,,123456704,SNAP,Approved...,300.0,AMEX,1234567890123
592,,123456704,SNAP,Approved...,300.0,AMEX,1234567890123
593,,123456704,SNAP,Approved...,300.0,AMEX,1234567890123
594,,123456704,SNAP,Approved...,300.0,AMEX,1234567890123
595,,123456704,SNAP,Approved...,300.0,AMEX,1234567890123
596,,123456704,SNAP,Approved...,300.0,AMEX,1234567890123
597,,123456704,SNAP,Approved...,300.0,AMEX,1234567890123
598,,123456704,SNAP,Approved...,300.0,AMEX,1234567890123
599,,123456704,SNAP,Approved...,300.0,AMEX,1234567890123
600,,123456704,SNAP,Approved...,300.0,AMEX,1234567890123
601,,123456704,SNAP,Approved...,300.0,AMEX,1234567890123
602,,123456704,SNAP,Approved...,300.0,AMEX,1234567890123
603,,123456704,SNAP,Approved...,300.0,AMEX,1234567890123
604,,123456704,SNAP,Approved...,300.0,AMEX,1234567890123
605,,123456704,SNAP,Approved...,300.0,AMEX,1234567890123
606,,123456704,SNAP,Approved...,300.0,AMEX,1234567890123
607,,123456704,SNAP,Approved...,300.0,AMEX,1234567890123
608,,123456704,SNAP,Approved...,300.0,AMEX,1234567890123
609,,123456704,SNAP,Approved...,300.0,AMEX,1234567890123
610,,123456704,SNAP,Approved...,300.0,AMEX,1234567890123
611,,123456704,SNAP,Approved...,300.0,AMEX,1234567890123
612,,123456704,SNAP,Approved...,300.0,AMEX,1234567890123
613,,123456704,SNAP,Approved...,300.0,AMEX,1234567890123
614,,123456704,SNAP,Approved...,300.0,AMEX,1234567890123
615,,123456704,SNAP,Approved...,300.0,AMEX,1234567890123
616,,123456704,SNAP,Approved...,300.0,AMEX,1234567890123
617,,123456704,SNAP,Approved...,300.0,AMEX,1234567890123
618,,123456704,SNAP,Approved...,300.0,AMEX,1234567890123
619,,123456704,SNAP,Approved...,300.0,AMEX,1234567890123
620,,123456704,SNAP,Approved...,300.0,AMEX,1234567890123
621,,123456704,SNAP,Approved...,300.0,AMEX,1234567890123
622,,123456704,SNAP,Approved...,300.0,AMEX,1234567890123
623,,123456704,SNAP,Approved...,300.0,AMEX,1234567890123
624,,123456704,SNAP,Approved...,300.0,AMEX,1234567890123
625,,123456704,SNAP,Approved...,300.0,AMEX,1234567890123
626,,123456704,SNAP,Approved...,300.0,AMEX,1234567890123
627,,123456704,SNAP,Approved...,300.0,AMEX,1234567890123
628,,123456704,SNAP,Approved...,300.0,AMEX,1234567890123
629,,123456704,SNAP,Approved...,300.0,AMEX,1234567890123
630,,123456704,SNAP,Approved...,300.0,AMEX,1234567890123
631,,123456704,SNAP,Approved...,300.0,AMEX,1234567890123
632,,123456704,SNAP,Approved...,300.0,AMEX,1234567890123
633,,123456704,SNAP,Approved...,300.0,AMEX,1234567890123
634,,123456704,SNAP,Approved...,300.0,AMEX,1234567890123
635,,123456704,SNAP,Approved...,300.0,AMEX,1234567890123
636,,123456704,SNAP,Approved...,300.0,AMEX,1234567890123
637,,123456704,SNAP,Approved...,300.0,AMEX,1234567890123
638,,123456704,SNAP,Approved...,300.0,AMEX,1234567890123
639,,123456704,SNAP,Approved...,300.0,AMEX,1234567890123
640,,123456704,SNAP,Approved...,300.0,AMEX,1234567890123
641,,123456704,SNAP,Approved...,300.0,AMEX,1234567890123
642,,123456704,SNAP,Approved...,300.0,AMEX,1234567890123
643,,123456704,SNAP,Approved...,300.0,AMEX,1234567890123
644,,123456704,SNAP,Approved...,300.0,AMEX,1234567890123
645,,123456704,SNAP,Approved...,300.0,AMEX,1234567890123
646,,123456704,SNAP,Approved...,300.0,AMEX,1234567890123
647,,123456704,SNAP,Approved...,300.0,AMEX,1234567890123
648,,123456704,SNAP,Approved...,300.0,AMEX,1234567890123
649,,123456704,SNAP,Approved...,300.0,AMEX,1234567890123
650,,123456704,SNAP,Approved...,300.0,AMEX,1234567890123
651,,123456704,SNAP,Approved...,300.0,AMEX,1234567890123
652,,123456704,SNAP,Approved...,300.0,AMEX,1234567890123
653,,123456704,SNAP,Approved...,300.0,AMEX,1234567890123
654,,123456704,SNAP,Approved...,300.0,AMEX,1234567890123
655,,123456704,SNAP,Approved...,300.0,AMEX,1234567890123
656,,123456704,SNAP,Approved...,300.0,AMEX,1234567890123
657,,123456704,SNAP,Approved...,300.0,AMEX,1234567890123
658,,123456704,SNAP,Approved...,300.0,AMEX,1234567890123
659,,123456704,SNAP,Approved...,300.0,AMEX,1234567890123
660,,123456704,SNAP,Approved...,300.0,AMEX,1234567890123
661,,123456704,SNAP,Approved...,300.0,AMEX,1234567890123
662,,123456704,SNAP,Approved...,300.0,AMEX,1234567890123
663,,123456704,SNAP,Approved...,300.0,AMEX,1234567890123
664,,123456704,SNAP,Approved...,300.0,AMEX,1234567890123
665,,123456704,SNAP,Approved...,300.0,AMEX,1234567890123
666,,123456704,SNAP,Approved...,300.0,AMEX,1234567890123
667,,123456704,SNAP,Approved...,300.0,AMEX,1234567890123
668,,123456704,SNAP,Approved...,300.0,AMEX,1234567890123
669,,123456704,SNAP,Approved...,300.0,AMEX,1234567890123
670,,123456704,SNAP,Approved...,300.0,AMEX,1234567890123
671,,123456704,SNAP,Approved...,300.0,AMEX,1234567890123
672,,123456704,SNAP,Approved...,300.0,AMEX,1234567890123
673,,123456704,SNAP,Approved...,300.0,AMEX,1234567890123
674,,123456704,SNAP,Approved...,300.0,AMEX,1234567890123
675,,123456704,SNAP,Approved...,300.0,AMEX,1234567890123
676,,123456704,SNAP,Approved...,300.0,AMEX,1234567890123
677,,123456704,SNAP,Approved...,300.0,AMEX,1234567890123
678,,123456704,SNAP,Approved...,300.0,AMEX,1234567890123
679,,123456704,SNAP,Approved...,300.0,AMEX,1234567890123
680,,123456704,SNAP,Approved...,300.0,AMEX,1234567890123
681,,123456704,SNAP,Approved...,300.0,AMEX,1234567890123
682,,123456704,SNAP,Approved...,300.0,AMEX,1234567890123
683,,123456704,SNAP,Approved...,300.0,AMEX,1234567890123
684,,123456704,SNAP,Approved...,300.0,AMEX,1234567890123
685,,123456704,SNAP,Approved...,300.0,AMEX,1234567890123
686,,123456704,SNAP,Approved...,300.0,AMEX,1234567890123
687,,123456704,SNAP,Approved...,300.0,AMEX,1234567890123
688,,123456704,SNAP,Approved...,300.0,AMEX,1234567890123
689,,123456704,SNAP,Approved...,300.0,AMEX,1234567890123
690,,123456704,SNAP,Approved...,300.0,AMEX,1234567890123
691,,123456704,SNAP,Approved...,300.0,AMEX,1234567890123
692,,123456704,SNAP,Approved...,300.0,AMEX,1234567890123
693,,123456704,SNAP,Approved...,300.0,AMEX,1234567890123
694,,123456704,SNAP,Approved...,300.0,AMEX,1234567890123
695,,123456704,SNAP,Approved...,300.0,AMEX,1234567890123
696,,123456704,SNAP,Approved...,300.0,AMEX,1234567890123
697,,123456704,SNAP,Approved...,300.0,AMEX,1234567890123
698,,123456704,SNAP,Approved...,300.0,AMEX,1234567890123
699,,123456704,SNAP,Approved...,300.0,AMEX,1234567890123
700,,123456704,SNAP,Approved...,300.0,AMEX,1234567890123
701,,123456704,SNAP,Approved...,300.0,AMEX,1234567890123
702,,123456704,SNAP,Approved...,300.0,AMEX,1234567890123
703,,123456704,SNAP,Approved...,300.0,AMEX,1234567890123
704,,123456704,SNAP,Approved...,300.0,AMEX,1234567890123
705,,123456704,SNAP,Approved...,300.0,AMEX,1234567890123
706,,123456704,SNAP,Approved...,300.0,AMEX,1234567890123
707,,123456704,SNAP,Approved...,300.0,AMEX,1234567890123
708,,123456704,SNAP,Approved...,300.0,AMEX,1234567890123
709,,123456704,SNAP,Approved...,300.0,AMEX,1234567890123
710,,123456704,SNAP,Approved...,300.0,AMEX,1234567890123
711,,123456704,SNAP,Approved...,300.0,AMEX,1234567890123
712,,123456704,SNAP,Approved...,300.0,AMEX,1234567890123
713,,123456704,SNAP,Approved...,300.0,AMEX,1234567890123
714,,123456704,SNAP,Approved...,300.0,AMEX,1234567890123
715,,123456704,SNAP,Approved...,300.0,AMEX,1234567890123
716,,123456704,SNAP,Approved...,300.0,AMEX,1234567890123
717,,123456704,SNAP,Approved...,300.0,AMEX,1234567890123
718,,123456704,SNAP,Approved...,300.0,AMEX,1234567890123
719,,123456704,SNAP,Approved...,300.0,AMEX,1234567890123
720,,123456704,SNAP,Approved...,300.0,AMEX,1234567890123
721,,123456704,SNAP,Approved...,300.0,AMEX,1234567890123
722,,123456704,SNAP,Approved...,300.0,AMEX,1234567890123
723,,123456704,SNAP,Approved...,300.0,AMEX,1234567890123
724,,123456704,SNAP,Approved...,300.0,AMEX,1234567890123
725,,123456704,SNAP,Approved...,300.0,AMEX,1234567890123
726,,123456704,SNAP,Approved...,300.0,AMEX,1234567890123
727,,123456704,SNAP,Approved...,300.0,AMEX,1234567890123
728,,123456704,SNAP,Approved...,300.0,AMEX,1234567890123
729,,123456704,SNAP,Approved...,300.0,AMEX,1234567890123
730,,123456704,SNAP,Approved...,300.0,AMEX,1234567890123
731,,123456704,SNAP,Approved...,300.0,AMEX,1234567890123
732,,123456704,SNAP,Approved...,300.0,AMEX,1234567890123
733,,123456704,SNAP,Approved...,300.0,AMEX,1234567890123
734,,123456704,SNAP,Approved...,300.0,AMEX,1234567890123
735,,123456704,SNAP,Approved...,300.0,AMEX,1234567890123
736,,123456704,SNAP,Approved...,300.0,AMEX,1234567890123
737,,123456704,SNAP,Approved...,300.0,AMEX,1234567890123
738,,123456704,SNAP,Approved...,300.0,AMEX,1234567890123
739,,123456704,SNAP,Approved...,300.0,AMEX,1234567890123
740,,123456704,SNAP,Approved...,300.0,AMEX,1234567890123
741,,123456704,SNAP,Approved...,300.0,AMEX,1234567890123
742,,123456704,SNAP,Approved...,300.0,AMEX,1234567890123
743,,123456704,SNAP,Approved...,300.0,AMEX,1234567890123
744,,123456704,SNAP,Approved...,300.0,AMEX,1234567890123
745,,123456704,SNAP,Approved...,300.0,AMEX,1234567890123
746,,123456704,SNAP,Approved...,300.0,AMEX,1234567890123
747,,123456704,SNAP,Approved...,300.0,AMEX,1234567890123
748,,123456704,SNAP,Approved...,300.0,AMEX,1234567890123
749,,123456704,SNAP,Approved...,300.0,AMEX,1234567890123
750,,123456704,SNAP,Approved...,300.0,AMEX,1234567890123
751,,123456704,SNAP,Approved...,300.0,AMEX,1234567890123
752,,123456704,SNAP,Approved...,300.0,AMEX,1234567890123
753,,123456704,SNAP,Approved...,300.0,AMEX,1234567890123
754,,123456704,SNAP,Approved...,300.0,AMEX,1234567890123
755,,123456704,SNAP,Approved...,300.0,AMEX,1234567890123
756,,123456704,SNAP,Approved...,300.0,AMEX,1234567890123
757,,123456704,SNAP,Approved...,300.0,AMEX,1234567890123
758,,123456704,SNAP,Approved...,300.0,AMEX,1234567890123
759,,123456704,SNAP,Approved...,300.0,AMEX,1234567890123
760,,123456704,SNAP,Approved...,300.0,AMEX,1234567890123
761,,123456704,SNAP,Approved...,300.0,AMEX,1234567890123
762,,123456704,SNAP,Approved...,300.0,AMEX,1234567890123
763,,123456704,SNAP,Approved...,300.0,AMEX,1234567890123
764,,123456704,SNAP,Approved...,300.0,AMEX,1234567890123
765,,123456704,SNAP,Approved...,300.0,AMEX,1234567890123
766,,123456704,SNAP,Approved...,300.0,AMEX,1234567890123
767,,123456704,SNAP,Approved...,300.0,AMEX,1234567890123
768,,123456704,SNAP,Approved...,300.0,AMEX,1234567890123
769,,123456704,SNAP,Approved...,300.0,AMEX,1234567890123
770,,123456704,SNAP,Approved...,300.0,AMEX,1234567890123
771,,123456704,SNAP,Approved...,300.0,AMEX,1234567890123
772,,123456704,SNAP,Approved...,300.0,AMEX,1234567890123
773,,123456704,SNAP,Approved...,300.0,AMEX,1234567890123
774,,123456704,SNAP,Approved...,300.0,AMEX,1234567890123
775,,123456704,SNAP,Approved...,300.0,AMEX,1234567890123
776,,123456704,SNAP,Approved...,300.0,AMEX,1234567890123
777,,123456704,SNAP,Approved...,300.0,AMEX,1234567890123
778,,123456704,SNAP,Approved...,300.0,AMEX,1234567890123
779,,123456704,SNAP,Approved...,300.0,AMEX,1234567890123
780,,123456704,SNAP,Approved...,300.0,AMEX,1234567890123
781,,123456704,SNAP,Approved...,300.0,AMEX,1234567890123
782,,123456704,SNAP,Approved...,300.0,AMEX,1234567890123
783,,123456704,SNAP,Approved...,300.0,AMEX,1234567890123
784,,123456704,SNAP,Approved...,300.0,AMEX,1234567890123
785,,123456704,SNAP,Approved...,300.0,AMEX,1234567890123
786,,123456704,SNAP,Approved...,300.0,AMEX,1234567890123
787,,123456704,SNAP,Approved...,300.0,AMEX,1234567890123
788,,123456704,SNAP,Approved...,300.0,AMEX,1234567890123
789,,123456704,SNAP,Approved...,300.0,AMEX,1234567890123
790,,123456704,SNAP,Approved...,300.0,AMEX,1234567890123
791,,123456704,SNAP,Approved...,300.0,AMEX,1234567890123
792,,123456704,SNAP,Approved...,300.0,AMEX,1234567890123
793,,123456704,SNAP,Approved...,300.0,AMEX,1234567890123
794,,123456704,SNAP,Approved...,300.0,AMEX,1234567890123
795,,123456704,SNAP,Approved...,300.0,AMEX,1234567890123
796,,123456704,SNAP,Approved...,300.0,AMEX,1234567890123
797,,123456704,SNAP,Approved...,300.0,AMEX,1234567890123
798,,123456704,SNAP,Approved...,300.0,AMEX,1234567890123
799,,123456704,SNAP,Approved...,300.0,AMEX,1234567890123
800,,123456704,SNAP,Approved...,300.0,AMEX,1234567890123
801,,123456704,SNAP,Approved...,300.0,AMEX,1234567890123
802,,123456704,SNAP,Approved...,300.0,AMEX,1234567890123
803,,123456704,SNAP,Approved...,300.0,AMEX,1234567890123
804,,123456704,SNAP,Approved...,300.0,AMEX,1234567890123
805,,123456704,SNAP,Approved...,300.0,AMEX,1234567890123
806,,123456704,SNAP,Approved...,300.0,AMEX,1234567890123
807,,123456704,SNAP,Approved...,300.0,AMEX,1234567890123
808,,123456704,SNAP,Approved...,300.0,AMEX,1234567890123
809,,123456704,SNAP,Approved...,300.0,AMEX,1234567890123
810,,123456704,SNAP,Approved...,300.0,AMEX,1234567890123
811,,123456704,SNAP,Approved...,300.0,AMEX,1234567890123
812,,123456704,SNAP,Approved...,300.0,AMEX,1234567890123
813,,123456704,SNAP,Approved...,300.0,AMEX,1234567890123
814,,123456704,SNAP,Approved...,300.0,AMEX,1234567890123
815,,123456704,SNAP,Approved...,300.0,AMEX,1234567890123
816,,123456704,SNAP,Approved...,300.0,AMEX,1234567890123
817,,123456704,SNAP,Approved...,300.0,AMEX,1234567890123
818,,123456704,SNAP,Approved...,300.0,AMEX,1234567890123
819,,123456704,SNAP,Approved...,300.0,AMEX,1234567890123
820,,123456704,SNAP,Approved...,300.0,AMEX,1234567890123
821,,123456704,SNAP,Approved...,300.0,AMEX,1234567890123
822,,123456704,SNAP,Approved...,300.0,AMEX,1234567890123
823,,123456704,SNAP,Approved...,300.0,AMEX,1234567890123
824,,123456704,SNAP,Approved...,300.0,AMEX,1234567890123
825,,123456704,SNAP,Approved...,300.0,AMEX,1234567890123
826,,123456704,SNAP,Approved...,300.0,AMEX,1234567890123
827,,123456704,SNAP,Approved...,300.0,AMEX,1234567890123
828,,123456704,SNAP,Approved...,300.0,AMEX,1234567890123
829,,123456704,SNAP,Approved...,300.0,AMEX,1234567890123
830,,123456704,SNAP,Approved...,300.0,AMEX,1234567890123
831,,123456704,SNAP,Approved...,300.0,AMEX,1234567890123
832,,123456704,SNAP,Approved...,300.0,AMEX,1234567890123
833,,123456704,SNAP,Approved...,300.0,AMEX,1234567890123
834,,123456704,SNAP,Approved...,300.0,AMEX,1234567890123
835,,123456704,SNAP,Approved...,300.0,AMEX,1234567890123
836,,123456704,SNAP,Approved...,300.0,AMEX,1234567890123
837,,123456704,SNAP,Approved...,300.0,AMEX,1234567890123
838,,123456704,SNAP,Approved...,300.0,AMEX,1234567890123
839,,123456704,SNAP,Approved...,300.0,AMEX,1234567890123
840,,123456704,SNAP,Approved...,300.0,AMEX,1234567890123
841,,123456704,SNAP,Approved...,300.0,AMEX,1234567890123
842,,123456704,SNAP,Approved...,300.0,AMEX,1234567890123
843,,123456704,SNAP,Approved...,300.0,AMEX,1234567890123
844,,123456704,SNAP,Approved...,300.0,AMEX,1234567890123
845,,123456704,SNAP,Approved...,300.0,AMEX,1234567890123
846,,123456704,SNAP,Approved...,300.0,AMEX,1234567890123
847,,123456704,SNAP,Approved...,300.0,AMEX,1234567890123
848,,123456704,SNAP,Approved...,300.0,AMEX,1234567890123
849,,123456704,SNAP,Approved...,300.0,AMEX,1234567890123
850,,123456704,SNAP,Approved...,300.0,AMEX,1234567890123
851,,123456704,SNAP,Approved...,300.0,AMEX,1234567890123
852,,123456704,SNAP,Approved...,300.0,AMEX,1234567890123
853,,123456704,SNAP,Approved...,300.0,AMEX,1234567890123
854,,123456704,SNAP,Approved...,300.0,AMEX,1234567890123
855,,123456704,SNAP,Approved...,300.0,AMEX,1234567890123
856,,123456704,SNAP,Approved...,300.0,AMEX,1234567890123
857,,123456704,SNAP,Approved...,300.0,AMEX,1234567890123
858,,123456704,SNAP,Approved...,300.0,AMEX,1234567890123
859,,123456704,SNAP,Approved...,300.0,AMEX,1234567890123
860,,123456704,SNAP,Approved...,300.0,AMEX,1234567890123
861,,123456704,SNAP,Approved...,300.0,AMEX,1234567890123
862,,123456704,SNAP,Approved...,300.0,AMEX,1234567890123
863,,123456704,SNAP,Approved...,300.0,AMEX,1234567890123
864,,123456704,SNAP,Approved...,300.0,AMEX,1234567890123
865,,123456704,SNAP,Approved...,300.0,AMEX,1234567890123
866,,123456704,SNAP,Approved...,300.0,AMEX,1234567890123
867,,123456704,SNAP,Approved...,300.0,AMEX,1234567890123
868,,123456704,SNAP,Approved...,300.0,AMEX,1234567890123
869,,123456704,SNAP,Approved...,300.0,AMEX,1234567890123
870,,123456704,SNAP,Approved...,300.0,AMEX,1234567890123
871,,123456704,SNAP,Approved...,300.0,AMEX,1234567890123
872,,123456704,SNAP,Approved...,300.0,AMEX,1234567890123
873,,123456704,SNAP,Approved...,300.0,AMEX,1234567890123
874,,123456704,SNAP,Approved...,300.0,AMEX,1234567890123
875,,123456704,SNAP,Approved...,300.0,AMEX,1234567890123
876,,123456704,SNAP,Approved...,300.0,AMEX,1234567890123
877,,123456704,SNAP,Approved...,300.0,AMEX,1234567890123
878,,123456704,SNAP,Approved...,300.0,AMEX,1234567890123
879,,123456704,SNAP,Approved...,300.0,AMEX,1234567890123
880,,123456704,SNAP,Approved...,300.0,AMEX,1234567890123
881,,123456704,SNAP,Approved...,300.0,AMEX,1234567890123
882,,123456704,SNAP,Approved...,300.0,AMEX,1234567890123
883,,123456704,SNAP,Approved...,300.0,AMEX,1234567890123
884,,123456704,SNAP,Approved...,300.0,AMEX,1234567890123
885,,123456704,SNAP,Approved...,300.0,AMEX,1234567890123
886,,123456704,SNAP,Approved...,300.0,AMEX,1234567890123
887,,123456704,SNAP,Approved...,300.0,AMEX,1234567890123
888,,123456704,SNAP,Approved...,300.0,AMEX,1234567890123
889,,123456704,SNAP,Approved...,300.0,AMEX,1234567890123
890,,123456704,SNAP,Approved...,300.0,AMEX,1234567890123
891,,123456704,SNAP,Approved...,300.0,AMEX,1234567890123
892,,123456704,SNAP,Approved...,300.0,AMEX,1234567890123
893,,123456704,SNAP,Approved...,300.0,AMEX,1234567890123
894,,123456704,SNAP,Approved...,300.0,AMEX,1234567890123
895,,123456704,SNAP,Approved...,300.0,AMEX,1234567890123
896,,123456704,SNAP,Approved...,300.0,AMEX,1234567890123
897,,123456704,SNAP,Approved...,300.0,AMEX,1234567890123
898,,123456704,SNAP,Approved...,300.0,AMEX,1234567890123
899,,123456704,SNAP,Approved...,300.0,AMEX,1234567890123
900,,123456704,SNAP,Approved...,300.0,AMEX,1234567890123
901,,123456704,SNAP,Approved...,300.0,AMEX,1234567890123
902,,123456704,SNAP,Approved...,300.0,AMEX,1234567890123
903,,123456704,SNAP,Approved...,300.0,AMEX,1234567890123
904,,123456704,SNAP,Approved...,300.0,AMEX,1234567890123
905,,123456704,SNAP,Approved...,300.0,AMEX,1234567890123
906,,123456704,SNAP,Approved...,300.0,AMEX,1234567890123
907,,123456704,SNAP,Approved...,300.0,AMEX,1234567890123
908,,123456704,SNAP,Approved...,300.0,AMEX,1234567890123
909,,123456704,SNAP,Approved...,300.0,AMEX,1234567890123
910,,123456704,SNAP,Approved...,300.0,AMEX,1234567890123
911,,123456704,SNAP,Approved...,300.0,AMEX,1234567890123
912,,123456704,SNAP,Approved...,300.0,AMEX,1234567890123
913,,123456704,SNAP,Approved...,300.0,AMEX,1234567890123
914,,123456704,SNAP,Approved...,300.0,AMEX,1234567890123
915,,123456704,SNAP,Approved...,300.0,AMEX,1234567890123
916,,123456704,SNAP,Approved...,300.0,AMEX,1234567890123
917,,123456704,SNAP,Approved...,300.0,AMEX,1234567890123
918,,123456704,SNAP,Approved...,300.0,AMEX,1234567890123
919,,123456704,SNAP,Approved...,300.0,AMEX,1234567890123
920,,123456704,SNAP,Approved...,300.0,AMEX,1234567890123
921,,123456704,SNAP,Approved...,300.0,AMEX,1234567890123
922,,123456704,SNAP,Approved...,300.0,AMEX,1234567890123
923,,123456704,SNAP,Approved...,300.0,AMEX,1234567890123
924,,123456704,SNAP,Approved...,300.0,AMEX,1234567890123
925,,123456704,SNAP,Approved...,300.0,AMEX,1234567890123
926,,123456704,SNAP,Approved...,300.0,AMEX,1234567890123
927,,123456704,SNAP,Approved...,300.0,AMEX,1234567890123
928,,123456704,SNAP,Approved...,300.0,AMEX,1234567890123
929,,123456704,SNAP,Approved...,300.0,AMEX,1234567890123
930,,123456704,SNAP,Approved...,300.0,AMEX,1234567890123
931,,123456704,SNAP,Approved...,300.0,AMEX,1234567890123
932,,123456704,SNAP,Approved...,300.0,AMEX,1234567890123
933,,123456704,SNAP,Approved...,300.0,AMEX,1234567890123
934,,123456704,SNAP,Approved...,300.0,AMEX,1234567890123
935,,123456704,SNAP,Approved...,300.0,AMEX,1234567890123
936,,123456704,SNAP,Approved...,300.0,AMEX,1234567890123
937,,123456704,SNAP,Approved...,300.0,AMEX,1234567890123
938,,123456704,SNAP,Approved...,300.0,AMEX,1234567890123
939,,123456704,SNAP,Approved...,300.0,AMEX,1234567890123
940,,123456704,SNAP,Approved...,300.0,AMEX,1234567890123
941,,123456704,SNAP,Approved...,300.0,AMEX,1234567890123
942,,123456704,SNAP,Approved...,300.0,AMEX,1234567890123
943,,123456704,SNAP,Approved...,300.0,AMEX,1234567890123
944,,123456704,SNAP,Approved...,300.0,AMEX,1234567890123
945,,123456704,SNAP,Approved...,300.0,AMEX,1234567890123
946,,123456704,SNAP,Approved...,300.0,AMEX,1234567890123
947,,123456704,SNAP,Approved...,300.0,AMEX,1234567890123
948,,123456704,SNAP,Approved...,300.0,AMEX,1234567890123
949,,123456704,SNAP,Approved...,300.0,AMEX,1234567890123
950,,123456704,SNAP,Approved...,300.0,AMEX,1234567890123
951,,123456704,SNAP,Approved...,300.0,AMEX,1234567890123
952,,123456704,SNAP,Approved...,300.0,AMEX,1234567890123
953,,123456704,SNAP,Approved...,300.0,AMEX,1234567890123
954,,123456704,SNAP,Approved...,300.0,AMEX,1234567890123
955,,123456704,SNAP,Approved...,300.0,AMEX,1234567890123
956,,123456704,SNAP,Approved...,300.0,AMEX,1234567890123
957,,123456704,SNAP,Approved...,300.0,AMEX,1234567890123
958,,123456704,SNAP,Approved...,300.0,AMEX,1234567890123
959,,123456704,SNAP,Approved...,300.0,AMEX,1234567890123
960,,123456704,SNAP,Approved...,300.0,AMEX,1234567890123
961,,123456704,SNAP,Approved...,300.0,AMEX,1234567890123
962,,123456704,SNAP,Approved...,300.0,AMEX,1234567890123
963,,123456704,SNAP,Approved...,300.0,AMEX,1234567890123
964,,123456704,SNAP,Approved...,300.0,AMEX,1234567890123
965,,123456704,SNAP,Approved...,300.0,AMEX,1234567890123
966,,123456704,SNAP,Approved...,300.0,AMEX,1234567890123
967,,123456704,SNAP,Approved...,300.0,AMEX,1234567890123
968,,123456704,SNAP,Approved...,300.0,AMEX,1234567890123
969,,123456704,SNAP,Approved...,300.0,AMEX,1234567890123
970,,123456704,SNAP,Approved...,300.0,AMEX,1234567890123
971,,123456704,SNAP,Approved...,300.0,AMEX,1234567890123
972,,123456704,SNAP,Approved...,300.0,AMEX,1234567890123
973,,123456704,SNAP,Approved...,300.0,AMEX,1234567890123
974,,123456704,SNAP,Approved...,300.0,AMEX,1234567890123
975,,123456704,SNAP,Approved...,300.0,AMEX,1234567890123
976,,123456704,SNAP,Approved...,300.0,AMEX,1234567890123
977,,123456704,SNAP,Approved...,300.0,AMEX,1234567890123
978,,123456704,SNAP,Approved...,300.0,AMEX,1234567890123
979,,123456704,SNAP,Approved...,300.0,AMEX,1234567890123
980,,123456704,SNAP,Approved...,300.0,AMEX,1234567890123
981,,123456704,SNAP,Approved...,300.0,AMEX,1234567890123
982,,123456704,SNAP,Approved...,300.0,AMEX,1234567890123
983,,123456704,SNAP,Approved...,300.0,AMEX,1234567890123
984,,123456704,SNAP,Approved...,300.0,AMEX,1234567890123
985,,123456704,SNAP,Approved...,300.0,AMEX,1234567890123
986,,123456704,SNAP,Approved...,300.0,AMEX,1234567890123
987,,,SNAP,Approved...,,,
988,,,SNAP,Approved...,,,
989,,,SNAP,Approved...,,,
990,,,SNAP,Approved...,,,
991,,,SNAP,Approved...,,,
992,,,SNAP,Approved...,,,
993,,,SNAP,Approved...,,,
994,,,SNAP,Approved...,,,
995,,,SNAP,Approved...,,,
996,,,SNAP,Approved...,,,
997,,,SNAP,Approved...,,,
998,,,SNAP,Approved...,,,
999,,,SNAP,Approved...,,,
1000,,,SNAP,Approved...,,,
